{
  "metadata": {
    "timestamp": "20251031_105014",
    "num_images": 1,
    "symptoms_provided": "",
    "parsed_symptoms": {}
  },
  "individual_predictions": [
    {
      "image_id": 1,
      "image_path": "temp_uploads\\506ac88b-07f9-43b0-89fe-9b6005c6e5af_12.PNG",
      "gradcam_path": "output/gradcam\\gradcam_img1_splinter_hemorrhage.png",
      "predicted_class": "splinter_hemorrhage",
      "confidence": 0.9991149306297302,
      "probabilities": {
        "aloperia_areata": 0.00016498213517479599,
        "beau_s_lines": 3.268671662226552e-06,
        "bluish_nail": 2.199292794102803e-06,
        "clubbing": 1.567720937600825e-05,
        "darier_s_disease": 4.900565181742422e-05,
        "eczema": 0.0003298278898000717,
        "half_and_half_nails": 2.089210283884313e-06,
        "koilonychia": 6.263043178478256e-05,
        "leukonychia": 3.0530893582181307e-06,
        "muehrcke_s_lines": 3.571229535737075e-05,
        "onycholysis": 2.4455144739476964e-05,
        "pale_nail": 5.178158971830271e-06,
        "red_lunula": 2.434553152852459e-06,
        "splinter_hemorrhage": 0.9991149306297302,
        "terry_s_nail": 3.07088203044259e-06,
        "white_nail": 0.00013949244748800993,
        "yellow_nails": 4.205610093777068e-05
      },
      "visual_features": {
        "nail_pitting": {
          "present": false,
          "count": 1,
          "score": 0.1
        },
        "horizontal_lines": {
          "present": true,
          "count": 5,
          "score": 1.0
        },
        "vertical_lines": {
          "present": true,
          "count": 10,
          "score": 1.0
        },
        "white_discoloration": {
          "present": false,
          "white_frac": 0.006442425064419882,
          "score": 0.019327275193259646
        },
        "yellow_discoloration": {
          "present": false,
          "yellow_frac": 0.01200325512002441,
          "score": 0.06001627560012205
        },
        "blue_discoloration": {
          "present": false,
          "blue_frac": 0.0,
          "score": 0.0
        },
        "pale_appearance": {
          "present": false,
          "mean_value": 164.91007730910079,
          "mean_saturation": 37.98453817984538,
          "score": 0.0
        },
        "red_areas": {
          "present": false,
          "red_frac": 0.04435101044348003,
          "score": 0.3548080835478402
        },
        "nail_thickening": {
          "present": false,
          "edge_density": 0.049776210497728346,
          "score": 0.24888105248864173
        },
        "nail_separation": {
          "present": false,
          "solidity": 0.9710706530810281,
          "score": 0.028929346918971865
        },
        "surface_roughness": {
          "present": true,
          "texture_strength": 35.41421832788319,
          "score": 1.0
        },
        "nail_clubbing": {
          "present": false,
          "aspect_ratio": 0.928809011126203,
          "score": 0.0
        },
        "spoon_shape": {
          "present": false,
          "center_depth": 12.318661788438959,
          "score": 0.30796654471097396
        },
        "v_shaped_notch": {
          "present": false,
          "v_strength": 1,
          "score": 0.3333333333333333
        }
      },
      "top_predictions": [
        {
          "disease": "splinter_hemorrhage",
          "combined_score": 0.39964597225189213,
          "model_probability": 0.9991149306297302,
          "visual_score": 0.0,
          "symptom_score": 0.0
        },
        {
          "disease": "muehrcke_s_lines",
          "combined_score": 0.3200178561476787,
          "model_probability": 3.571229535737075e-05,
          "visual_score": 0.7999999999999999,
          "symptom_score": 0.0
        },
        {
          "disease": "aloperia_areata",
          "combined_score": 0.03427424196082866,
          "model_probability": 0.00016498213517479599,
          "visual_score": 0.076,
          "symptom_score": 0.0
        }
      ],
      "all_ranked_predictions": [
        {
          "disease": "splinter_hemorrhage",
          "combined_score": 0.39964597225189213,
          "model_probability": 0.9991149306297302,
          "visual_score": 0.0,
          "symptom_score": 0.0
        },
        {
          "disease": "muehrcke_s_lines",
          "combined_score": 0.3200178561476787,
          "model_probability": 3.571229535737075e-05,
          "visual_score": 0.7999999999999999,
          "symptom_score": 0.0
        },
        {
          "disease": "aloperia_areata",
          "combined_score": 0.03427424196082866,
          "model_probability": 0.00016498213517479599,
          "visual_score": 0.076,
          "symptom_score": 0.0
        },
        {
          "disease": "eczema",
          "combined_score": 0.0001319311559200287,
          "model_probability": 0.0003298278898000717,
          "visual_score": 0.0,
          "symptom_score": 0.0
        },
        {
          "disease": "white_nail",
          "combined_score": 6.974622374400496e-05,
          "model_probability": 0.00013949244748800993,
          "visual_score": 0.0,
          "symptom_score": 0.0
        },
        {
          "disease": "koilonychia",
          "combined_score": 2.5052172713913026e-05,
          "model_probability": 6.263043178478256e-05,
          "visual_score": 0.0,
          "symptom_score": 0.0
        },
        {
          "disease": "yellow_nails",
          "combined_score": 2.3130855515773875e-05,
          "model_probability": 4.205610093777068e-05,
          "visual_score": 0.0,
          "symptom_score": 0.0
        },
        {
          "disease": "darier_s_disease",
          "combined_score": 2.20525433178409e-05,
          "model_probability": 4.900565181742422e-05,
          "visual_score": 0.0,
          "symptom_score": 0.0
        },
        {
          "disease": "onycholysis",
          "combined_score": 1.1004815132764635e-05,
          "model_probability": 2.4455144739476964e-05,
          "visual_score": 0.0,
          "symptom_score": 0.0
        },
        {
          "disease": "clubbing",
          "combined_score": 6.2708837504033004e-06,
          "model_probability": 1.567720937600825e-05,
          "visual_score": 0.0,
          "symptom_score": 0.0
        },
        {
          "disease": "pale_nail",
          "combined_score": 3.106895383098163e-06,
          "model_probability": 5.178158971830271e-06,
          "visual_score": 0.0,
          "symptom_score": 0.0
        },
        {
          "disease": "beau_s_lines",
          "combined_score": 1.634335831113276e-06,
          "model_probability": 3.268671662226552e-06,
          "visual_score": 0.0,
          "symptom_score": 0.0
        },
        {
          "disease": "terry_s_nail",
          "combined_score": 1.535441015221295e-06,
          "model_probability": 3.07088203044259e-06,
          "visual_score": 0.0,
          "symptom_score": 0.0
        },
        {
          "disease": "leukonychia",
          "combined_score": 1.5265446791090653e-06,
          "model_probability": 3.0530893582181307e-06,
          "visual_score": 0.0,
          "symptom_score": 0.0
        },
        {
          "disease": "bluish_nail",
          "combined_score": 1.3195756764616818e-06,
          "model_probability": 2.199292794102803e-06,
          "visual_score": 0.0,
          "symptom_score": 0.0
        },
        {
          "disease": "red_lunula",
          "combined_score": 1.2172765764262294e-06,
          "model_probability": 2.434553152852459e-06,
          "visual_score": 0.0,
          "symptom_score": 0.0
        },
        {
          "disease": "half_and_half_nails",
          "combined_score": 9.401446277479409e-07,
          "model_probability": 2.089210283884313e-06,
          "visual_score": 0.0,
          "symptom_score": 0.0
        }
      ]
    }
  ],
  "aggregated_prediction": {
    "predicted_disease": "splinter_hemorrhage",