{
  "metadata": {
    "timestamp": "20251203_010035",
    "num_images": 1,
    "symptoms_provided": "patchy hair loss, itching",
    "parsed_symptoms": {
      "patchy_hair_loss": true,
      "itching": true
    }
  },
  "individual_predictions": [
    {
      "image_id": 1,
      "image_path": "dummy_dataset/1.PNG",
      "gradcam_path": "output/gradcam\\gradcam_img1_splinter_hemorrhage.png",
      "predicted_class": "splinter_hemorrhage",
      "confidence": 0.9783947467803955,
      "probabilities": {
        "aloperia_areata": 0.002623921725898981,
        "beau_s_lines": 4.4179472752148286e-05,
        "bluish_nail": 1.346327735518571e-05,
        "clubbing": 0.00026426129625178874,
        "darier_s_disease": 0.0005484650027938187,
        "eczema": 0.0018944304902106524,
        "half_and_half_nails": 0.0007083571399562061,
        "koilonychia": 9.89312247838825e-05,
        "leukonychia": 3.1263498385669664e-05,
        "muehrcke_s_lines": 0.011346152052283287,
        "onycholysis": 6.695330375805497e-05,
        "pale_nail": 0.00038184059667401016,
        "red_lunula": 0.0006036916165612638,
        "splinter_hemorrhage": 0.9783947467803955,
        "terry_s_nail": 0.00033620966132730246,
        "white_nail": 0.0023490048479288816,
        "yellow_nails": 0.00029404074302874506
      },
      "visual_features": {
        "nail_pitting": {
          "present": false,
          "count": 2,
          "score": 0.2
        },
        "horizontal_lines": {
          "present": true,
          "count": 6,
          "score": 1.0
        },
        "vertical_lines": {
          "present": true,
          "count": 27,
          "score": 1.0
        },
        "white_discoloration": {
          "present": false,
          "white_frac": 0.036077580360751337,
          "score": 0.108232741082254
        },
        "yellow_discoloration": {
          "present": false,
          "yellow_frac": 0.005221755052214009,
          "score": 0.026108775261070045
        },
        "blue_discoloration": {
          "present": false,
          "blue_frac": 0.0,
          "score": 0.0
        },
        "pale_appearance": {
          "present": false,
          "mean_value": 186.1006374610064,
          "mean_saturation": 67.11691306116913,
          "score": 0.0
        },
        "red_areas": {
          "present": true,
          "red_frac": 0.4644649396443344,
          "score": 1.0
        },
        "nail_thickening": {
          "present": true,
          "edge_density": 0.11019937610191902,
          "score": 0.550996880509595
        },
        "nail_separation": {
          "present": false,
          "solidity": 0.9705685842179658,
          "score": 0.02943141578203423
        },
        "surface_roughness": {
          "present": true,
          "texture_strength": 54.668223633631314,
          "score": 1.0
        },
        "nail_clubbing": {
          "present": false,
          "aspect_ratio": 0.8591213697860992,
          "score": 0.0
        },
        "spoon_shape": {
          "present": false,
          "center_depth": -65.90971141261656,
          "score": -1.647742785315414
        },
        "v_shaped_notch": {
          "present": false,
          "v_strength": 0,
          "score": 0.0
        }
      },
      "top_predictions": [
        {
          "disease": "splinter_hemorrhage",
          "combined_score": 0.8913578987121582,
          "model_probability": 0.9783947467803955,
          "visual_score": 1.0,
          "symptom_score": 0.0
        },
        {
          "disease": "aloperia_areata",
          "combined_score": 0.4971807647766545,
          "model_probability": 0.002623921725898981,
          "visual_score": 0.8799999999999999,
          "symptom_score": 1.0
        },
        {
          "disease": "eczema",
          "combined_score": 0.41475777219608423,
          "model_probability": 0.0018944304902106524,
          "visual_score": 0.9199999999999999,
          "symptom_score": 0.0
        }
      ],
      "all_ranked_predictions": [
        {
          "disease": "splinter_hemorrhage",
          "combined_score": 0.8913578987121582,
          "model_probability": 0.9783947467803955,
          "visual_score": 1.0,
          "symptom_score": 0.0
        },
        {
          "disease": "aloperia_areata",
          "combined_score": 0.4971807647766545,
          "model_probability": 0.002623921725898981,
          "visual_score": 0.8799999999999999,
          "symptom_score": 1.0
        },
        {
          "disease": "eczema",
          "combined_score": 0.41475777219608423,
          "model_probability": 0.0018944304902106524,
          "visual_score": 0.9199999999999999,
          "symptom_score": 0.0
        },
        {
          "disease": "darier_s_disease",
          "combined_score": 0.4077468092512572,
          "model_probability": 0.0005484650027938187,
          "visual_score": 0.85,
          "symptom_score": 0.25
        },
        {
          "disease": "muehrcke_s_lines",
          "combined_score": 0.40567307602614167,
          "model_probability": 0.011346152052283287,
          "visual_score": 1.0,
          "symptom_score": 0.0
        },
        {
          "disease": "red_lunula",
          "combined_score": 0.40030184580828065,
          "model_probability": 0.0006036916165612638,
          "visual_score": 1.0,
          "symptom_score": 0.0
        },
        {
          "disease": "beau_s_lines",
          "combined_score": 0.4000220897363761,
          "model_probability": 4.4179472752148286e-05,
          "visual_score": 1.0,
          "symptom_score": 0.0
        },
        {
          "disease": "koilonychia",
          "combined_score": 0.23421324670649143,
          "model_probability": 9.89312247838825e-05,
          "visual_score": 0.4683473484331558,
          "symptom_score": 0.0
        },
        {
          "disease": "half_and_half_nails",
          "combined_score": 0.1490234941999946,
          "model_probability": 0.0007083571399562061,
          "visual_score": 0.10823274108225399,
          "symptom_score": 1.0
        },
        {
          "disease": "leukonychia",
          "combined_score": 0.043308728182094434,
          "model_probability": 3.1263498385669664e-05,
          "visual_score": 0.10823274108225399,
          "symptom_score": 0.0
        },
        {
          "disease": "white_nail",
          "combined_score": 0.0379736343919308,
          "model_probability": 0.0023490048479288816,
          "visual_score": 0.0919978299199159,
          "symptom_score": 0.0
        },
        {
          "disease": "terry_s_nail",
          "combined_score": 0.03696723679863001,
          "model_probability": 0.00033620966132730246,
          "visual_score": 0.0919978299199159,
          "symptom_score": 0.0
        },
        {
          "disease": "onycholysis",
          "combined_score": 0.01327426608860653,
          "model_probability": 6.695330375805497e-05,
          "visual_score": 0.02943141578203423,
          "symptom_score": 0.0
        },
        {
          "disease": "yellow_nails",
          "combined_score": 0.010605232513093827,
          "model_probability": 0.00029404074302874506,
          "visual_score": 0.02610877526107004,
          "symptom_score": 0.0
        },
        {
          "disease": "pale_nail",
          "combined_score": 0.0002291043580044061,
          "model_probability": 0.00038184059667401016,
          "visual_score": 0.0,
          "symptom_score": 0.0
        },
        {
          "disease": "clubbing",
          "combined_score": 0.0001057045185007155,
          "model_probability": 0.00026426129625178874,
          "visual_score": 0.0,
          "symptom_score": 0.0
        },
        {
          "disease": "bluish_nail",
          "combined_score": 8.077966413111426e-06,
          "model_probability": 1.346327735518571e-05,
          "visual_score": 0.0,
          "symptom_score": 0.0
        }
      ]
    }
  ],